{"loss": [9.786832809448242, 4.721169471740723, 4.0642266273498535, 4.711242198944092, 3.5308616161346436, 3.4956119060516357, 3.3039817810058594, 3.2900688648223877, 2.8068349361419678, 2.2942938804626465, 2.437925338745117, 2.4488613605499268, 1.9145570993423462, 1.8185635805130005, 1.5419847965240479, 1.40584397315979, 1.3076002597808838, 1.2727962732315063, 1.195899248123169, 1.195658802986145, 1.212955117225647, 1.0925966501235962, 1.111799716949463, 1.0479260683059692, 1.0017304420471191, 0.9778048396110535, 0.9792599678039551, 0.9978635311126709, 0.9760644435882568, 0.907341718673706], "accuracy": [0.04269662871956825, 0.06709470599889755, 0.11428571492433548, 0.15248796343803406, 0.20160514116287231, 0.2606741487979889, 0.2892455756664276, 0.3659711182117462, 0.4199036955833435, 0.48218297958374023, 0.5139647126197815, 0.5569823384284973, 0.5887640714645386, 0.6292135119438171, 0.6654895544052124, 0.6853932738304138, 0.7043338418006897, 0.7322632670402527, 0.7463884353637695, 0.7630818486213684, 0.7695024013519287, 0.780738353729248, 0.7942215204238892, 0.8054574728012085, 0.8173354864120483, 0.8192616105079651, 0.8199036717414856, 0.8272873163223267, 0.8426966071128845, 0.8414125442504883], "val_loss": [3.5243358612060547, 3.1370880603790283, 3.1276371479034424, 2.9944233894348145, 2.4829201698303223, 2.259507656097412, 1.8896896839141846, 6.802582740783691, 1.6570227146148682, 1.5065611600875854, 2.6453123092651367, 1.3143502473831177, 1.4034919738769531, 1.494162678718567, 1.4700030088424683, 1.1116801500320435, 1.2969905138015747, 1.0817586183547974, 1.0635956525802612, 1.2893296480178833, 0.9077330231666565, 1.3404462337493896, 0.9588128924369812, 1.3089299201965332, 1.319985032081604, 1.2760999202728271, 1.1209924221038818, 1.0490210056304932, 1.1867510080337524, 2.309612989425659], "val_accuracy": [0.09116809070110321, 0.18233618140220642, 0.24786324799060822, 0.25356125831604004, 0.37037035822868347, 0.48148149251937866, 0.6039885878562927, 0.3105413019657135, 0.6467236280441284, 0.7008547186851501, 0.561253547668457, 0.7606837749481201, 0.7606837749481201, 0.7578347325325012, 0.7293447256088257, 0.8148148059844971, 0.811965823173523, 0.8717948794364929, 0.8433048725128174, 0.7977207899093628, 0.9259259104728699, 0.8490028381347656, 0.8717948794364929, 0.8404558300971985, 0.8831908702850342, 0.8774929046630859, 0.9145299196243286, 0.9287749528884888, 0.9259259104728699, 0.7720797657966614]}